{"train_loss": [1.2287627295295398, 0.5539779916360974, 0.3367999698725839, 0.2523684324552615, 0.24467137506852546], "train_acc": [0.9179333333333334, 0.9679666666666666, 0.9783, 0.98135, 0.9817333333333333], "test_loss": [0.6209440705701709, 0.35689208952002227, 0.2402911802854389, 0.4310810562476516, 0.28212417688034475], "test_acc": [0.9615, 0.9766, 0.9814, 0.9709, 0.9813]}