{"train_loss": [1.3398696731680384, 0.5603796756088734, 0.39110910289833944, 0.2703080345613261, 0.23106697339713572], "train_acc": [0.9126833333333333, 0.96835, 0.9760166666666666, 0.98125, 0.9833], "test_loss": [0.5803060669595376, 0.4945398089594208, 0.2850700329951942, 0.309212467071414, 0.4346841691635549], "test_acc": [0.9662, 0.9736, 0.9808, 0.9763, 0.9696]}