{"train_loss": [0.12591019526571035, 0.05337492594768604, 0.042351727929214635, 0.03496354988863071, 0.03306606720934312], "train_acc": [0.9617833333333333, 0.9844, 0.98725, 0.9898333333333333, 0.99], "test_loss": [0.051501218578964475, 0.05594007636196911, 0.04081021883226931, 0.03179457461424172, 0.0323924464866519], "test_acc": [0.9823, 0.9811, 0.9875, 0.9904, 0.9898]}