{"train_loss": [0.12341660250922044, 0.051933462248245875, 0.039455161269257466, 0.03686933318550388, 0.029077825806041558], "train_acc": [0.9632166666666667, 0.9842666666666666, 0.98795, 0.9889166666666667, 0.99115], "test_loss": [0.05930092035830021, 0.053524669072031975, 0.04381885595805943, 0.02817807700205594, 0.03049569991454482], "test_acc": [0.9821, 0.9835, 0.9867, 0.9921, 0.991]}