{"train_loss": [12.886199570465088, 1.9105750151824952, 1.7155177642440795, 1.6464378833770752, 1.5939065759277344], "train_acc": [0.16278, 0.98014, 0.98376, 0.98276, 0.98518], "test_loss": [1.9745010213851928, 2.3288074752807617, 3.369551880645752, 1.6468328792572022, 1.8882067337036132], "test_acc": [0.9745, 0.9913, 0.9015, 0.9967, 0.9904]}