{"train_loss": [12.152344840469361, 2.1753525454330442, 1.8531909616851807, 1.6076270500946044, 1.6255378158950806], "train_acc": [0.20362, 0.95778, 0.96382, 0.9844, 0.9807], "test_loss": [3.4502693759918213, 1.57798058757782, 1.6418406089782716, 1.6171695543289184, 1.7289889831542968], "test_acc": [0.7775, 0.9872, 0.9857, 0.986, 0.986]}