{"train_loss": [3.6586114977264406, 2.8326905016326904, 2.408145330963135, 2.1206778750610353, 1.8602575551605225], "train_acc": [0.14298, 0.28288, 0.36944, 0.43314, 0.4911], "test_loss": [3.2763654190063476, 2.6699376556396484, 2.463852585220337, 2.2896318494796755, 2.294033864593506], "test_acc": [0.2055, 0.3228, 0.364, 0.4075, 0.4127]}