{"train_loss": [3.4425970289611816, 2.690537417907715, 2.3089065699768065, 2.0136997425079346, 1.771103754272461], "train_acc": [0.18112, 0.31312, 0.39034, 0.45612, 0.51072], "test_loss": [3.041320099258423, 2.6033638507843015, 2.43357621383667, 2.401357677078247, 2.303885047149658], "test_acc": [0.2508, 0.3358, 0.3742, 0.3828, 0.4089]}