{"train_loss": [4.582649971644083, 2.240638463465373, 1.986315734767914, 1.8579568497975667, 1.7643703082402546], "train_acc": [0.7264333333333334, 0.8132833333333334, 0.8376166666666667, 0.8483333333333334, 0.8600666666666666], "test_loss": [3.047079161834717, 2.2970338523864746, 2.285524329948425, 2.1774384498596193, 2.0935890243530273], "test_acc": [0.7873, 0.8191, 0.8155, 0.8408, 0.8315]}