{"train_loss": [4.494692531840006, 2.239994883410136, 2.0174176410039264, 1.8903486628214519, 1.7916557743708292], "train_acc": [0.7249666666666666, 0.8121, 0.83625, 0.8495, 0.858], "test_loss": [2.8368702213287356, 2.2318284572601317, 2.2356287101745607, 2.0177445466041566, 2.1610265161514284], "test_acc": [0.7858, 0.8231, 0.8268, 0.8369, 0.8422]}