{"train_loss": [0.41218814676602683, 0.2877457643667857, 0.25346242551008863, 0.2288862385749817, 0.21400204796791078], "train_acc": [0.8502333333333333, 0.8939833333333334, 0.9063833333333333, 0.9152166666666667, 0.9205333333333333], "test_loss": [0.3380382432937622, 0.3191475935459137, 0.2834898012161255, 0.276887282705307, 0.2642229681968689], "test_acc": [0.8796, 0.882, 0.8951, 0.9005, 0.904]}