{"train_loss": [0.416461541779836, 0.2890819954395294, 0.252897034128507, 0.23407038712501527, 0.21467368406454723], "train_acc": [0.8475333333333334, 0.89305, 0.9065666666666666, 0.9133, 0.9213833333333333], "test_loss": [0.3264350969314575, 0.30716416351795195, 0.28628804860115054, 0.27213591244220736, 0.264720289516449], "test_acc": [0.881, 0.8864, 0.8949, 0.9004, 0.9034]}