{"train_loss": [6.470342751502991, 0.4999200457191467, 0.47467542768478393, 0.40231784452438357, 0.40420116788864136], "train_acc": [0.48354, 0.98304, 0.98178, 0.98794, 0.98716], "test_loss": [0.7637766103267669, 0.36735701422691347, 0.4060350245475769, 0.3426097239255905, 0.3023628275871277], "test_acc": [0.9626, 0.9926, 0.9914, 0.9928, 0.9952]}