{"train_loss": [5.559233023643493, 0.5414116187286377, 0.6135720959854126, 0.46542188215255736, 0.5492714453315735], "train_acc": [0.55456, 0.98236, 0.97418, 0.98696, 0.9803], "test_loss": [0.3987514290332794, 3.340856201171875, 0.838563994216919, 0.35900339555740357, 0.4684298510551453], "test_acc": [0.9936, 0.8026, 0.9605, 0.9977, 0.9846]}