{"train_loss": [1.3777947463226319, 0.9582619277572632, 0.7804876349258423, 0.6637257159996033, 0.5632828675460816], "train_acc": [0.50428, 0.6643, 0.72566, 0.76904, 0.8023], "test_loss": [1.2031578596115113, 0.9812473766326905, 0.8486918120384216, 0.8082322135925293, 0.7868893777370453], "test_acc": [0.5799, 0.6505, 0.709, 0.7283, 0.7333]}