{"train_loss": [1.349917783126831, 0.9568925698471069, 0.786594742012024, 0.6680250114822388, 0.5711134104919433], "train_acc": [0.5147, 0.66312, 0.72348, 0.76704, 0.79964], "test_loss": [1.1362089296340943, 0.9383951972961426, 0.8642850271224976, 0.7821342397689819, 0.8347565740585328], "test_acc": [0.5934, 0.6736, 0.6933, 0.7314, 0.7195]}